{"stats":{"minecraft:picked_up":{"minecraft:bone":3,"minecraft:rotten_flesh":4,"frostiful:wolf_fur_tuft":1,"minecraft:spider_eye":1},"minecraft:custom":{"minecraft:time_since_rest":2478,"minecraft:sprint_one_cm":24558,"minecraft:play_time":3915,"minecraft:deaths":1,"minecraft:damage_taken":501,"minecraft:walk_one_cm":17304,"minecraft:damage_blocked_by_shield":315,"minecraft:mob_kills":5,"minecraft:jump":87,"minecraft:damage_dealt":555,"minecraft:leave_game":2,"minecraft:time_since_death":2451,"minecraft:total_world_time":3915,"minecraft:hex":0,"minecraft:fall_one_cm":3546,"minecraft:fly_one_cm":15593},"minecraft:used":{"minecraft:stone_sword":9,"minecraft:shield":7},"minecraft:mined":{"minecraft:birch_leaves":1,"minecraft:oak_leaves":6},"minecraft:killed":{"minecraft:skeleton":2,"minecraft:spider":1,"minecraft:zombie":2},"minecraft:killed_by":{"minecraft:skeleton":1}},"DataVersion":3465}