{"stats":{"minecraft:crafted":{"minecraft:oak_planks":8,"minecraft:crafting_table":1,"minecraft:stick":4,"minecraft:wooden_pickaxe":1},"minecraft:used":{"minecraft:stone_sword":2,"minecraft:dirt":3,"minecraft:crafting_table":1},"minecraft:custom":{"minecraft:time_since_rest":17704,"minecraft:sprint_one_cm":8974,"minecraft:play_time":17704,"minecraft:walk_one_cm":41492,"minecraft:mob_kills":1,"minecraft:jump":39,"minecraft:damage_dealt":100,"minecraft:leave_game":4,"minecraft:time_since_death":17704,"minecraft:total_world_time":17704,"minecraft:hex":0,"minecraft:interact_with_crafting_table":1,"minecraft:fall_one_cm":209,"minecraft:fly_one_cm":1949},"minecraft:mined":{"minecraft:grass_block":2,"minecraft:dirt":1,"treechop:chopped_log":5,"minecraft:oak_leaves":5},"minecraft:killed":{"minecraft:pig":1},"minecraft:picked_up":{"minecraft:apple":1,"minecraft:porkchop":2,"minecraft:oak_log":27,"twigs:twig":11,"minecraft:oak_sapling":11,"minecraft:dirt":3}},"DataVersion":3465}