{"stats":{"minecraft:used":{"minecraft:dirt":3},"minecraft:mined":{"minecraft:grass_block":2,"minecraft:oak_leaves":3,"minecraft:dirt":1},"minecraft:picked_up":{"minecraft:dirt":3},"minecraft:custom":{"minecraft:jump":6,"minecraft:time_since_rest":1309,"minecraft:leave_game":1,"minecraft:sprint_one_cm":1666,"minecraft:play_time":1309,"minecraft:time_since_death":1309,"minecraft:walk_one_cm":6085,"minecraft:total_world_time":1309,"minecraft:hex":0,"minecraft:fall_one_cm":209,"minecraft:fly_one_cm":422}},"DataVersion":3465}