{"stats":{"minecraft:crafted":{"minecraft:oak_planks":8,"minecraft:stone_axe":1,"minecraft:crafting_table":1,"minecraft:stick":22,"minecraft:stone_pickaxe":1,"minecraft:wooden_pickaxe":1},"minecraft:mined":{"minecraft:grass_block":4,"minecraft:dirt":7,"minecraft:birch_leaves":1,"minecraft:stone":24,"treechop:chopped_log":5,"minecraft:crafting_table":1,"minecraft:oak_leaves":5},"minecraft:custom":{"minecraft:time_since_rest":19773,"minecraft:crouch_one_cm":1480,"minecraft:sprint_one_cm":9877,"minecraft:play_time":19773,"minecraft:walk_one_cm":46291,"minecraft:sneak_time":537,"minecraft:mob_kills":2,"minecraft:jump":73,"minecraft:damage_dealt":140,"minecraft:leave_game":5,"minecraft:time_since_death":19773,"minecraft:total_world_time":19773,"minecraft:hex":0,"minecraft:interact_with_crafting_table":3,"minecraft:fall_one_cm":894,"minecraft:fly_one_cm":4436},"minecraft:used":{"minecraft:stone_axe":1,"minecraft:stone_sword":4,"minecraft:dirt":11,"minecraft:crafting_table":1,"minecraft:stone_pickaxe":24,"minecraft:wooden_pickaxe":7},"minecraft:killed":{"minecraft:pig":1,"minecraft:chicken":1},"minecraft:picked_up":{"minecraft:crafting_table":1,"minecraft:chicken":1,"minecraft:apple":1,"minecraft:porkchop":2,"minecraft:oak_log":27,"twigs:twig":11,"minecraft:oak_sapling":11,"minecraft:dirt":11,"minecraft:cobblestone":24}},"DataVersion":3465}