{"stats":{"minecraft:crafted":{"minecraft:oak_planks":8,"minecraft:stone_axe":1,"minecraft:crafting_table":1,"minecraft:stick":22,"minecraft:wooden_pickaxe":1,"minecraft:stone_pickaxe":1},"minecraft:mined":{"minecraft:grass_block":7,"minecraft:oak_log":3,"minecraft:dirt":9,"minecraft:stone":24,"minecraft:birch_leaves":1,"treechop:chopped_log":7,"minecraft:oak_leaves":5,"minecraft:crafting_table":1},"minecraft:custom":{"minecraft:time_since_rest":30437,"minecraft:crouch_one_cm":1480,"minecraft:play_time":30437,"minecraft:sprint_one_cm":28688,"minecraft:walk_one_cm":74245,"minecraft:sneak_time":537,"minecraft:mob_kills":2,"minecraft:jump":121,"minecraft:damage_dealt":190,"minecraft:leave_game":5,"minecraft:time_since_death":30437,"minecraft:total_world_time":30437,"minecraft:hex":0,"minecraft:interact_with_crafting_table":3,"minecraft:fly_one_cm":15526,"minecraft:fall_one_cm":1581},"minecraft:used":{"minecraft:stone_axe":16,"minecraft:apple":2,"minecraft:stone_sword":5,"minecraft:dirt":16,"minecraft:crafting_table":1,"minecraft:stone_pickaxe":24,"minecraft:wooden_pickaxe":7},"minecraft:killed":{"minecraft:pig":1,"minecraft:chicken":1},"minecraft:picked_up":{"minecraft:crafting_table":1,"minecraft:chicken":1,"minecraft:apple":3,"minecraft:porkchop":2,"minecraft:oak_log":44,"twigs:twig":21,"minecraft:oak_sapling":16,"minecraft:dirt":16,"minecraft:cobblestone":24}},"DataVersion":3465}