{"stats":{"minecraft:used":{"minecraft:dirt":3},"minecraft:custom":{"minecraft:jump":14,"minecraft:time_since_rest":5363,"minecraft:leave_game":1,"minecraft:play_time":5363,"minecraft:sprint_one_cm":1666,"minecraft:time_since_death":5363,"minecraft:walk_one_cm":14664,"minecraft:total_world_time":5363,"minecraft:hex":0,"minecraft:fall_one_cm":209,"minecraft:fly_one_cm":422},"minecraft:mined":{"minecraft:grass_block":2,"treechop:chopped_log":3,"minecraft:oak_leaves":3,"minecraft:dirt":1},"minecraft:picked_up":{"minecraft:oak_log":16,"minecraft:apple":1,"twigs:twig":2,"minecraft:oak_sapling":7,"minecraft:dirt":3}},"DataVersion":3465}