{"stats":{"minecraft:used":{"minecraft:dirt":3,"minecraft:stone_sword":2},"minecraft:custom":{"minecraft:time_since_rest":16222,"minecraft:sprint_one_cm":6752,"minecraft:play_time":16222,"minecraft:walk_one_cm":37128,"minecraft:mob_kills":1,"minecraft:jump":37,"minecraft:damage_dealt":100,"minecraft:leave_game":3,"minecraft:time_since_death":16222,"minecraft:total_world_time":16222,"minecraft:hex":0,"minecraft:fall_one_cm":209,"minecraft:fly_one_cm":1380},"minecraft:mined":{"minecraft:grass_block":2,"minecraft:dirt":1,"treechop:chopped_log":5,"minecraft:oak_leaves":5},"minecraft:killed":{"minecraft:pig":1},"minecraft:picked_up":{"minecraft:apple":1,"minecraft:porkchop":2,"minecraft:oak_log":27,"twigs:twig":11,"minecraft:oak_sapling":11,"minecraft:dirt":3}},"DataVersion":3465}