{"stats":{"minecraft:crafted":{"minecraft:oak_planks":20,"minecraft:crafting_table":1,"minecraft:stick":8,"minecraft:wooden_axe":1},"minecraft:mined":{"minecraft:oak_log":2,"treechop:chopped_log":3,"minecraft:crafting_table":1},"minecraft:custom":{"minecraft:time_since_rest":10376,"minecraft:crouch_one_cm":251,"minecraft:play_time":10376,"minecraft:sprint_one_cm":10335,"minecraft:damage_taken":203,"minecraft:walk_one_cm":30807,"minecraft:sneak_time":35,"minecraft:mob_kills":6,"minecraft:jump":59,"minecraft:damage_dealt":450,"minecraft:time_since_death":10376,"minecraft:total_world_time":10376,"minecraft:hex":0,"minecraft:interact_with_crafting_table":1,"minecraft:fall_one_cm":1165,"minecraft:fly_one_cm":4034},"minecraft:used":{"minecraft:oak_log":3,"minecraft:wooden_axe":14,"minecraft:stone_sword":3,"minecraft:crafting_table":1},"minecraft:killed":{"minecraft:skeleton":1,"minecraft:chicken":3,"minecraft:sheep":1,"minecraft:cow":1},"minecraft:picked_up":{"minecraft:feather":2,"minecraft:birch_log":6,"minecraft:crafting_table":1,"minecraft:arrow":1,"minecraft:bone":1,"minecraft:apple":1,"minecraft:beef":2,"minecraft:oak_log":8,"minecraft:mutton":1,"minecraft:white_wool":1,"minecraft:oak_sapling":4,"twigs:twig":2,"minecraft:birch_sapling":2,"minecraft:chicken":3,"minecraft:egg":3}},"DataVersion":3465}